﻿<?xml version="1.0" encoding="UTF-8" ?>
<extension type="package">
 <name>Paineis de Dados</name>
 <packagename>paineisdados</packagename>
 <version>1.0</version>
 <url>www.anatel.gov.br</url>
 <description>Pacote de instalação painei de dados integrado ao Qlik Sense!</description>
 <files folder="packages">
    <file type="component" id="com_qliksense">com_qliksense.zip</file>
    <file type="module" id="mod_barradogoverno" client="site">mod_barradogoverno.zip</file>
    <file type="template" id="painisdedadosqliksense" client="site">tpl_painisdedadosqliksense.zip</file>
    <file type="plugin" id="qlikSense" group="editors-xtd">plg_qlikSense.zip</file>
 </files>
</extension>