﻿<?xml version="1.0" encoding="UTF-8" ?>
<extension type="package">
 <name>Paineis de Dados</name>
 <packagename>paineisdados</packagename>
 <version>1.0</version>
 <url>www.gov.br/anatel</url>
 <description>Pacote de instalação Paineis de Dados integrado ao Qlik Sense!</description>
 <files folder="packages">
    <file type="component" id="com_qliksense">com_qliksense.zip</file>
    <file type="template" id="padraogoverno01" client="site">tpl_padraogoverno01.zip</file>
    <file type="plugin" id="qlikSense" group="editors-xtd">plg_qlikSense.zip</file>
 </files>
</extension>